region_name,province_name,year,area,population,population_density,temp_mean,total_precip,snowfall,precip_hours,sunshine_hours,grdp_per_capita,monthly_income_per_capita,central_administrated,airport,maritime_port,predicted_migration_rate(‰)
Đồng bằng sông Hồng,Hà Nội,2025,3358.6,8815.89415,2624.871717382243,23.815,1801.1609999999998,0.0,2104.384,146108.634,170.753,7.9275,1,1,0,6.869705
Đồng bằng sông Hồng,Vĩnh Phúc,2025,1235.2,1240.1269999999997,1003.988827720207,23.715,1744.4789999999998,0.0,2159.604,146581.578,147.6585,6.132,0,0,0,1.2829024
Đồng bằng sông Hồng,Bắc Ninh,2025,822.7,1566.68295,1904.3186459219642,23.815,1855.8329999999996,0.0,2145.5480000000002,148241.892,168.45399999999998,6.0375000000000005,0,0,0,28.242294
Đồng bằng sông Hồng,Quảng Ninh,2025,6177.8,1414.6055,228.98208099970861,23.415,2124.369,0.0,2715.82,170164.65,258.0105,6.195,0,1,1,1.27126
Đồng bằng sông Hồng,Hải Dương,2025,1668.2,2000.8999499999998,1199.4364884306435,23.715,1818.2459999999999,0.0,2162.616,152258.91,108.78449999999998,6.174,0,0,0,-0.79569435
Đồng bằng sông Hồng,Hải Phòng,2025,1561.8,2153.6675999999998,1378.9650403380713,23.715,1772.8199999999997,0.0,2029.084,163167.684,213.38899999999998,7.381500000000001,1,1,4,5.959122
Đồng bằng sông Hồng,Hưng Yên,2025,930.3,1333.5069999999998,1433.4161023325807,23.815,1782.87,0.0,2069.244,148067.544,127.80349999999999,6.1635,0,0,0,2.2781582
Đồng bằng sông Hồng,Thái Bình,2025,1586.4,1916.5026999999998,1208.0828920827028,24.015,1738.6499999999999,0.0,1974.868,159207.78,71.89599999999999,5.985,0,0,2,-2.764467
Đồng bằng sông Hồng,Hà Nam,2025,862.0,906.1513999999999,1051.2197215777262,23.815,1838.8484999999998,0.0,2066.232,151125.648,110.87449999999998,5.88,0,0,0,-1.2252942
Đồng bằng sông Hồng,Nam Định,2025,1668.5,1920.8164499999998,1151.2235241234641,24.015,1743.9764999999998,0.0,1992.94,158749.866,59.460499999999996,6.2265,0,0,2,-2.9834201
Đồng bằng sông Hồng,Ninh Bình,2025,1386.8,1042.43545,751.6840568214594,23.915,1793.7239999999997,0.0,1981.896,156298.974,98.33449999999999,6.195,0,0,0,-1.3085673
Trung du và miền núi phía Bắc,Hà Giang,2025,7929.5,921.8838999999999,116.26002900561194,22.915,2690.5859999999993,0.0,3598.3360000000002,152137.668,40.4415,2.5725000000000002,0,0,0,-3.9184294
Trung du và miền núi phía Bắc,Cao Bằng,2025,6700.3,564.1471499999999,84.19729713594911,21.515,1829.301,0.0,2563.212,148683.774,46.815999999999995,2.7300000000000004,0,0,0,-3.8547063
Trung du và miền núi phía Bắc,Bắc Kạn,2025,4860.0,333.529,68.62736625514404,22.115000000000002,2135.1225,0.0,2857.384,143677.782,58.729,2.8875,0,0,0,-2.7845218
Trung du và miền núi phía Bắc,Tuyên Quang,2025,5867.9,832.3507499999998,141.84814840062032,23.615000000000002,2047.5869999999998,0.0,2303.176,144696.816,62.3865,3.8745000000000003,0,0,0,-3.6713414
Trung du và miền núi phía Bắc,Lào Cai,2025,6364.0,798.87605,125.53049182903833,22.915,2427.7784999999994,0.0,3657.572,172275.864,100.63349999999998,3.7275,0,0,0,-2.7273948
Trung du và miền núi phía Bắc,Yên Bái,2025,6887.7,876.2900999999999,127.22535824731042,23.215,2345.067,0.0,2623.452,147525.462,57.78849999999999,3.6750000000000003,0,0,0,-3.750918
Trung du và miền núi phía Bắc,Thái Nguyên,2025,3526.6,1381.89205,391.84825327510913,23.115000000000002,2132.6099999999997,0.0,2496.948,141164.766,130.72949999999997,5.596500000000001,0,0,0,-1.3531886
Trung du và miền núi phía Bắc,Lạng Sơn,2025,8310.1,826.1896999999999,99.41994681171104,21.615000000000002,1603.0754999999997,0.0,2250.968,155379.138,64.0585,3.3600000000000003,0,0,0,-3.8031082
Trung du và miền núi phía Bắc,Bắc Giang,2025,3895.5,1979.8691499999998,508.2451931716082,23.515,1908.0929999999996,0.0,2221.852,149848.098,107.1125,5.376,0,0,0,-1.5707314
Trung du và miền núi phía Bắc,Phú Thọ,2025,3534.6,1563.7191499999997,442.4034261302551,23.315,1913.8214999999998,0.0,2250.968,146737.89,72.94099999999999,4.9559999999999995,0,0,0,-3.0738068
Trung du và miền núi phía Bắc,Điện Biên,2025,9541.3,663.2212999999999,69.5105803192437,22.115000000000002,2243.7629999999995,0.0,3005.976,178911.108,49.324,2.499,0,1,0,-3.476212
Trung du và miền núi phía Bắc,Lai Châu,2025,9068.8,502.0494499999999,55.36007520289343,19.715,2200.0454999999997,0.0,3130.472,180180.642,59.2515,2.625,0,0,0,-3.4632049
Trung du và miền núi phía Bắc,Sơn La,2025,14123.5,1347.34145,95.39713597904202,21.515,1458.657,0.0,1866.436,185947.152,57.892999999999994,2.7300000000000004,0,0,0,-3.4740062
Trung du và miền núi phía Bắc,Hòa Bình,2025,4590.6,905.75555,197.30657212564805,24.115000000000002,1824.2759999999998,0.0,2074.264,147752.916,80.67399999999999,3.7800000000000002,0,0,0,-3.2620804
Bắc Trung Bộ,Thanh Hóa,2025,11114.7,3817.05975,343.42445140219706,24.215,1723.8764999999999,0.0,1846.356,163804.956,84.018,5.3235,0,1,1,-2.3222847
Bắc Trung Bộ,Nghệ An,2025,16481.6,3523.0548499999995,213.75684702941462,24.815,1757.2424999999998,0.0,1933.704,164825.994,63.640499999999996,4.641,0,1,1,-4.0244427
Bắc Trung Bộ,Hà Tĩnh,2025,5990.7,1349.3105499999997,225.2342046839267,24.715,2375.9204999999997,0.0,2561.204,169585.494,88.61599999999999,4.357500000000001,0,0,1,-3.3035703
Bắc Trung Bộ,Quảng Bình,2025,8000.0,938.0325499999999,117.25406874999999,25.215,2425.6679999999997,0.0,3023.044,176865.024,67.61149999999999,4.389,0,1,1,-3.9050927
Bắc Trung Bộ,Quảng Trị,2025,4621.7,668.4993,144.64359434839994,25.515,2436.3209999999995,0.0,2811.2,181726.728,84.5405,4.095,0,0,1,-3.6942353
Bắc Trung Bộ,Huế,2025,4902.4,1195.2842999999998,243.81615127284593,25.615000000000002,2925.4545,0.0,2939.712,183573.414,70.851,5.3865,1,1,1,-1.5953071
Duyên hải Nam Trung Bộ,Đà Nẵng,2025,1284.9,1288.1060499999999,1002.495174721768,25.915,2320.1429999999996,0.0,2945.736,195818.856,122.47399999999999,7.035,1,1,1,11.941212
Duyên hải Nam Trung Bộ,Quảng Nam,2025,10574.7,1562.5620499999998,147.76419662023505,25.815,2569.4834999999994,0.0,2928.668,183217.704,86.6305,4.305,0,1,2,-2.575382
Duyên hải Nam Trung Bộ,Quảng Ngãi,2025,5155.8,1275.80425,247.45029869273438,26.115000000000002,2622.6479999999997,0.0,2995.936,201945.084,115.99499999999999,4.4625,0,0,1,-2.9402788
Duyên hải Nam Trung Bộ,Bình Định,2025,6066.2,1538.1513,253.56092776367416,26.015,2156.8304999999996,0.0,2960.796,208983.132,89.1385,4.9875,0,1,1,-2.9173987
Duyên hải Nam Trung Bộ,Phú Yên,2025,5023.4,896.5494999999999,178.47463869092644,26.015,1764.7799999999997,0.0,2771.04,208422.012,74.195,4.158,0,1,2,-3.767612
Duyên hải Nam Trung Bộ,Khánh Hòa,2025,5137.8,1286.4515999999999,250.3895830900385,26.415,1634.1299999999999,0.0,2203.78,213803.754,100.84249999999999,4.7250000000000005,0,1,1,-3.0899854
Duyên hải Nam Trung Bộ,Ninh Thuận,2025,3355.3,618.9673,184.47450302506482,26.515,1407.7034999999998,0.0,1708.808,218611.35,100.529,3.6435000000000004,0,0,2,-2.4928856
Duyên hải Nam Trung Bộ,Bình Thuận,2025,7943.9,1285.2335999999998,161.78874356424424,26.415,1114.1429999999998,0.0,1715.836,221347.812,102.93249999999999,5.1345,0,0,1,-3.2548354
Tây Nguyên,Kon Tum,2025,9674.2,607.173,62.76208885489239,23.515,2009.7989999999998,0.0,2454.78,208258.686,67.298,3.654,0,0,0,-2.5322776
Tây Nguyên,Gia Lai,2025,15511.0,1654.7646499999998,106.68329894913286,22.715,2106.3795,0.0,2609.396,209149.464,68.8655,3.2550000000000003,0,1,0,-3.0002851
Tây Nguyên,Đắk Lắk,2025,13030.5,1973.9922999999997,151.49014235831316,23.515,1437.3509999999999,0.0,1949.768,202744.68,71.26899999999999,3.9060000000000006,0,1,0,-2.9248013
Tây Nguyên,Đắk Nông,2025,6509.3,703.2934999999999,108.04441337778253,21.815,2115.9269999999997,0.0,2535.1,198454.116,77.43449999999999,3.8850000000000002,0,0,0,0.18070245
Tây Nguyên,Lâm Đồng,2025,9783.3,1381.54695,141.21482015270922,19.015,2013.5174999999997,0.0,2363.416,210277.71600000001,98.1255,5.5755,0,1,0,-1.5903764
Đông Nam Bộ,Bình Phước,2025,6876.8,1076.35675,156.5200020358306,26.215,2457.4259999999995,0.0,2662.608,206595.366,108.3665,5.3340000000000005,0,0,0,-1.0981663
Đông Nam Bộ,Tây Ninh,2025,4041.3,1219.7660999999998,301.82518001633133,27.515,1944.9764999999998,0.0,2112.416,210747.654,105.4405,5.565,0,0,0,1.7557683
Đông Nam Bộ,Bình Dương,2025,2694.4,2901.7023,1076.9382051662708,26.815,2130.6,0.0,2322.252,206564.304,191.96649999999997,9.387,0,0,2,40.586308
Đông Nam Bộ,Đồng Nai,2025,5863.6,3391.8457999999996,578.4579098164949,26.515,2138.037,0.0,2563.212,208761.69,154.033,7.5075,0,0,1,8.181108
Đông Nam Bộ,Bà Rịa - Vũng Tàu,2025,1981.0,1210.7528999999997,611.1826855123674,27.115000000000002,1681.3649999999998,0.0,2402.572,219216.558,392.29299999999995,5.985,0,1,4,9.033762
Đông Nam Bộ,TP Hồ Chí Minh,2025,2061.4,9664.71835,4688.424541573688,27.215,2000.6535,0.0,2266.028,208151.472,193.743,7.4655000000000005,1,1,1,16.098022
Đồng bằng sông Cửu Long,Long An,2025,4494.9,1779.3355999999999,395.8565485327816,26.815,2047.9889999999998,0.0,2210.808,210948.054,109.725,4.83,0,0,2,-1.8141968
Đồng bằng sông Cửu Long,Tiền Giang,2025,2510.6,1822.1787499999998,725.7941328766032,26.715,2008.7939999999996,0.0,2162.616,207696.564,78.0615,5.271,0,0,2,-4.1747665
Đồng bằng sông Cửu Long,Bến Tre,2025,2394.8,1324.8591999999999,553.223317187239,26.715,2091.5054999999998,0.0,2206.792,211558.272,59.0425,4.599,0,0,2,-5.3711023
Đồng bằng sông Cửu Long,Trà Vinh,2025,2358.3,1038.23335,440.24651231819524,26.715,2106.6809999999996,0.0,2222.856,210593.346,93.52749999999999,4.389,0,0,1,-4.387245
Đồng bằng sông Cửu Long,Vĩnh Long,2025,1525.7,1050.8903999999998,688.7922920626595,26.815,2008.8944999999999,0.0,2124.464,203508.204,83.39099999999999,4.2945,0,0,2,-4.272508
Đồng bằng sông Cửu Long,Đồng Tháp,2025,3383.8,1624.9743999999998,480.221762515515,27.115000000000002,1982.4629999999997,0.0,2086.312,205317.816,77.957,5.5755,0,0,1,-5.044034
Đồng bằng sông Cửu Long,An Giang,2025,3536.7,1939.6649999999997,548.4392230044957,27.115000000000002,1904.1734999999999,0.0,2167.636,201723.642,66.7755,4.431,0,0,2,-7.430118
Đồng bằng sông Cửu Long,Kiên Giang,2025,6348.8,1790.2874499999998,281.9883206275201,27.015,2107.5854999999997,0.0,2547.148,201152.502,82.973,5.407500000000001,0,2,2,-4.501741
Đồng bằng sông Cửu Long,Cần Thơ,2025,1439.0,1287.5376499999998,894.7447185545516,26.815,1987.5884999999998,0.0,2160.608,201714.624,107.63499999999999,6.3525,1,1,1,1.8479466
Đồng bằng sông Cửu Long,Hậu Giang,2025,1621.7,739.8537999999999,456.2211259789109,26.715,2140.449,0.0,2283.096,203148.486,93.214,4.809,0,0,1,-4.7220635
Đồng bằng sông Cửu Long,Sóc Trăng,2025,3311.9,1221.7656499999998,368.90173314411663,26.615000000000002,2073.717,0.0,2356.388,208400.97,68.761,4.483499999999999,0,0,2,-7.223971
Đồng bằng sông Cửu Long,Bạc Liêu,2025,2669.0,943.3815999999999,353.45882352941175,26.815,2195.0204999999996,0.0,2654.576,207494.16,73.4635,5.4285000000000005,0,0,0,-5.740051
Đồng bằng sông Cửu Long,Cà Mau,2025,5221.2,1229.0025999999998,235.38699915728182,26.815,2506.5705,0.0,2645.54,203707.602,74.9265,4.6725,0,1,2,-7.6560783
Đồng bằng sông Hồng,Hà Nội,2026,3358.6,8948.132562249999,2664.244793142976,23.830000000000002,1810.1668049999996,0.0,2112.801536,146400.851268,178.43688499999996,8.323875000000001,1,1,0,7.2722826
Đồng bằng sông Hồng,Vĩnh Phúc,2026,1235.2,1258.7289049999997,1019.0486601360102,23.73,1753.2013949999996,0.0,2168.242416,146874.741156,154.3031325,6.4386,0,0,0,0.7177577
Đồng bằng sông Hồng,Bắc Ninh,2026,822.7,1590.1831942499998,1932.8834256107932,23.830000000000002,1865.1121649999993,0.0,2154.130192,148538.375784,176.03442999999996,6.339375,0,0,0,27.86922
Đồng bằng sông Hồng,Quảng Ninh,2026,6177.8,1435.8245824999997,232.4168122147042,23.43,2134.990845,0.0,2726.68328,170504.9793,269.62097249999994,6.5047500000000005,0,1,1,1.2789867
Đồng bằng sông Hồng,Hải Dương,2026,1668.2,2030.9134492499995,1217.428035757103,23.73,1827.3372299999996,0.0,2171.266464,152563.42782,113.67980249999997,6.4827,0,0,0,-0.63248545
Đồng bằng sông Hồng,Hải Phòng,2026,1561.8,2185.9726139999993,1399.649515943142,23.73,1781.6840999999995,0.0,2037.200336,163494.019368,222.99150499999996,7.750575000000001,1,1,4,5.8286147
Đồng bằng sông Hồng,Hưng Yên,2026,930.3,1353.5096049999997,1454.9173438675693,23.830000000000002,1791.7843499999997,0.0,2077.5209760000002,148363.679088,133.55465749999996,6.471675,0,0,0,2.2588782
Đồng bằng sông Hồng,Thái Bình,2026,1586.4,1945.2502404999996,1226.2041354639432,24.03,1747.3432499999997,0.0,1982.767472,159526.19556,75.13131999999997,6.284250000000001,0,0,2,-2.0612595
Đồng bằng sông Hồng,Hà Nam,2026,862.0,919.7436709999997,1066.9880174013917,23.830000000000002,1848.0427424999996,0.0,2074.496928,151427.899296,115.86385249999998,6.174,0,0,0,-0.6125919
Đồng bằng sông Hồng,Nam Định,2026,1668.5,1949.6286967499996,1168.491876985316,24.03,1752.6963824999996,0.0,2000.91176,159067.365732,62.136222499999995,6.537825,0,0,2,-0.51093835
Đồng bằng sông Hồng,Ninh Bình,2026,1386.8,1058.0719817499998,762.9593176737812,23.93,1802.6926199999996,0.0,1989.823584,156611.571948,102.75955249999998,6.5047500000000005,0,0,0,-1.2508801
Trung du và miền núi phía Bắc,Hà Giang,2026,7929.5,935.7121584999999,118.00392944069613,22.93,2704.0389299999993,0.0,3612.7293440000003,152441.943336,42.26136749999999,2.701125,0,0,0,-3.9184294
Trung du và miền núi phía Bắc,Cao Bằng,2026,6700.3,572.6093572499998,85.46025659298833,21.53,1838.4475049999996,0.0,2573.464848,148981.141548,48.92271999999999,2.8665000000000007,0,0,0,-3.8795753
Trung du và miền núi phía Bắc,Bắc Kạn,2026,4860.0,338.531935,69.6567767489712,22.130000000000003,2145.7981124999997,0.0,2868.813536,143965.137564,61.371804999999995,3.0318750000000003,0,0,0,-3.5540857
Trung du và miền núi phía Bắc,Tuyên Quang,2026,5867.9,844.8360112499997,143.9758706266296,23.630000000000003,2057.8249349999996,0.0,2312.388704,144986.20963199998,65.19389249999999,4.068225000000001,0,0,0,-3.5410244
Trung du và miền núi phía Bắc,Lào Cai,2026,6364.0,810.8591907499999,127.41344920647391,22.93,2439.917392499999,0.0,3672.202288,172620.415728,105.16200749999997,3.913875,0,0,0,-2.7273948
Trung du và miền núi phía Bắc,Yên Bái,2026,6887.7,889.4344514999998,129.13373862102006,23.23,2356.7923349999996,0.0,2633.9458080000004,147820.512924,60.38898249999999,3.8587500000000006,0,0,0,-3.8693829
Trung du và miền núi phía Bắc,Thái Nguyên,2026,3526.6,1402.6204307499997,397.72597707423574,23.130000000000003,2143.2730499999993,0.0,2506.9357919999998,141447.095532,136.61232749999996,5.876325000000001,0,0,0,-0.8099501
Trung du và miền núi phía Bắc,Lạng Sơn,2026,8310.1,838.5825454999998,100.91124601388668,21.630000000000003,1611.0908774999996,0.0,2259.971872,155689.896276,66.9411325,3.5280000000000005,0,0,0,-3.711863
Trung du và miền núi phía Bắc,Bắc Giang,2026,3895.5,2009.5671872499995,515.8688710691822,23.53,1917.6334649999994,0.0,2230.739408,150147.794196,111.93256249999999,5.644800000000001,0,0,0,-1.1658968
Trung du và miền núi phía Bắc,Phú Thọ,2026,3534.6,1587.1749372499994,449.03947752220887,23.330000000000002,1923.3906074999995,0.0,2259.971872,147031.36578000002,76.22334499999998,5.203799999999999,0,0,0,-3.0301125
Trung du và miền núi phía Bắc,Điện Biên,2026,9541.3,673.1696194999998,70.55323902403235,22.130000000000003,2254.981814999999,0.0,3017.9999040000002,179268.930216,51.54357999999999,2.6239500000000002,0,1,0,-3.3634133
Trung du và miền núi phía Bắc,Lai Châu,2026,9068.8,509.58019174999987,56.19047633093683,19.73,2211.0457274999994,0.0,3142.9938880000004,180541.003284,61.9178175,2.75625,0,0,0,-3.455496
Trung du và miền núi phía Bắc,Sơn La,2026,14123.5,1367.5515717499998,96.82809301872763,21.53,1465.9502849999997,0.0,1873.901744,186319.046304,60.49818499999999,2.8665000000000007,0,0,0,-3.4738142
Trung du và miền núi phía Bắc,Hòa Bình,2026,4590.6,919.3418832499999,200.26617070753275,24.130000000000003,1833.3973799999997,0.0,2082.561056,148048.421832,84.30433,3.9690000000000003,0,0,0,-3.1547828
Bắc Trung Bộ,Thanh Hóa,2026,11114.7,3874.3156462499996,348.57581817323,24.23,1732.4958824999997,0.0,1853.741424,164132.56591200002,87.79880999999999,5.589675000000001,0,1,1,-1.7018635
Bắc Trung Bộ,Nghệ An,2026,16481.6,3575.900672749999,216.9631997348558,24.830000000000002,1766.0287124999998,0.0,1941.4388159999999,165155.645988,66.50432249999999,4.87305,0,1,1,-3.9957442
Bắc Trung Bộ,Hà Tĩnh,2026,5990.7,1369.5502082499995,228.61271775418558,24.73,2387.8001024999994,0.0,2571.448816,169924.664988,92.60371999999998,4.575375000000001,0,0,1,-3.1527824
Bắc Trung Bộ,Quảng Bình,2026,8000.0,952.1030382499998,119.01287978124998,25.23,2437.7963399999994,0.0,3035.136176,177218.754048,70.65401749999998,4.60845,0,1,1,-3.9050927
Bắc Trung Bộ,Quảng Trị,2026,4621.7,678.5267894999998,146.81324826362592,25.53,2448.502604999999,0.0,2822.4447999999998,182090.181456,88.34482249999999,4.2997499999999995,0,0,1,-3.344787
Bắc Trung Bộ,Huế,2026,4902.4,1213.2135644999996,247.47339354193858,25.630000000000003,2940.0817724999997,0.0,2951.470848,183940.560828,74.039295,5.655825,1,1,1,-1.3128644
Duyên hải Nam Trung Bộ,Đà Nẵng,2026,1284.9,1307.4276407499997,1017.5326023425945,25.93,2331.743714999999,0.0,2957.518944,196210.493712,127.98532999999998,7.38675,1,1,1,12.290174
Duyên hải Nam Trung Bộ,Quảng Nam,2026,10574.7,1586.0004807499997,149.98065956953857,25.830000000000002,2582.330917499999,0.0,2940.382672,183584.139408,90.52887249999999,4.52025,0,1,2,-2.3518746
Duyên hải Nam Trung Bộ,Quảng Ngãi,2026,5155.8,1294.9413137499998,251.16205317312534,26.130000000000003,2635.7612399999994,0.0,3007.9197440000003,202348.97416800002,121.21477499999997,4.685625000000001,0,0,1,-2.852106
Duyên hải Nam Trung Bộ,Bình Định,2026,6066.2,1561.2235695,257.36434168012926,26.03,2167.6146524999995,0.0,2972.6391839999997,209401.098264,93.14973249999998,5.236875,0,1,1,-2.1929183
Duyên hải Nam Trung Bộ,Phú Yên,2026,5023.4,909.9977424999997,181.1517582712903,26.03,1773.6038999999996,0.0,2782.12416,208838.85602399998,77.53377499999999,4.365900000000001,0,1,2,-3.6414816
Duyên hải Nam Trung Bộ,Khánh Hòa,2026,5137.8,1305.7483739999998,254.14542683638908,26.43,1642.3006499999997,0.0,2212.5951200000004,214231.36150799997,105.38041249999998,4.961250000000001,0,1,1,-3.0086741
Duyên hải Nam Trung Bộ,Ninh Thuận,2026,3355.3,628.2518094999999,187.24162057044077,26.53,1414.7420174999997,0.0,1715.643232,219048.57270000002,105.05280499999999,3.8256750000000004,0,0,2,-2.4928856
Duyên hải Nam Trung Bộ,Bình Thuận,2026,7943.9,1304.5121039999997,164.21557471770788,26.43,1119.7137149999996,0.0,1722.699344,221790.50762400002,107.56446249999998,5.391225,0,0,1,-2.3876622
Tây Nguyên,Kon Tum,2026,9674.2,616.280595,63.703520187715775,23.53,2019.8479949999996,0.0,2464.5991200000003,208675.203372,70.32641,3.8367,0,0,0,-2.4839683
Tây Nguyên,Gia Lai,2026,15511.0,1679.5861197499996,108.28354843336984,22.73,2116.9113974999996,0.0,2619.833584,209567.762928,71.96444749999999,3.4177500000000003,0,1,0,-2.7815275
Tây Nguyên,Đắk Lắk,2026,13030.5,2003.6021844999996,153.76249449368785,23.53,1444.5377549999998,0.0,1957.567072,203150.16936,74.47610499999999,4.101300000000001,0,1,0,-2.6139822
Tây Nguyên,Đắk Nông,2026,6509.3,713.8429024999998,109.66507957844927,21.830000000000002,2126.5066349999993,0.0,2545.2404,198851.024232,80.91905249999998,4.07925,0,0,0,0.22347954
Tây Nguyên,Lâm Đồng,2026,9783.3,1402.2701542499997,143.33304245499983,19.03,2023.5850874999994,0.0,2372.8696640000003,210698.271432,102.5411475,5.854275,0,1,0,-1.5322077
Đông Nam Bộ,Bình Phước,2026,6876.8,1092.50210125,158.86780206636806,26.23,2469.713129999999,0.0,2673.258432,207008.556732,113.2429925,5.600700000000001,0,0,0,-0.8393222
Đông Nam Bộ,Tây Ninh,2026,4041.3,1238.0625914999996,306.35255771657626,27.53,1954.7013824999995,0.0,2120.8656640000004,211169.14930800002,110.1853225,5.84325,0,0,0,1.8282508
Đông Nam Bộ,Bình Dương,2026,2694.4,2945.2278344999995,1093.0922782437647,26.830000000000002,2141.2529999999997,0.0,2331.541008,206977.432608,200.60499249999995,9.85635,0,0,2,40.04649
Đông Nam Bộ,Đồng Nai,2026,5863.6,3442.7234869999993,587.1347784637422,26.53,2148.7271849999997,0.0,2573.464848,209179.21338,160.96448499999997,7.882875,0,0,1,8.391662
Đông Nam Bộ,Bà Rịa - Vũng Tàu,2026,1981.0,1228.9141934999996,620.3504257950528,27.130000000000003,1689.7718249999996,0.0,2412.182288,219654.991116,409.9461849999999,6.284250000000001,0,1,4,9.140706
Đông Nam Bộ,TP Hồ Chí Minh,2026,2061.4,9809.689125249999,4758.750909697293,27.23,2010.6567674999997,0.0,2275.092112,208567.774944,202.461435,7.838775000000001,1,1,1,16.098022
Đồng bằng sông Cửu Long,Long An,2026,4494.9,1806.0256339999996,401.7943967607733,26.830000000000002,2058.2289449999994,0.0,2219.651232,211369.950108,114.66262499999999,5.0715,0,0,2,-1.8999147
Đồng bằng sông Cửu Long,Tiền Giang,2026,2510.6,1849.5114312499995,736.6810448697521,26.73,2018.8379699999994,0.0,2171.266464,208111.957128,81.57426749999999,5.53455,0,0,2,-2.0407872
Đồng bằng sông Cửu Long,Bến Tre,2026,2394.8,1344.7320879999997,561.5216669450475,26.73,2101.9630274999995,0.0,2215.6191679999997,211981.388544,61.699412499999994,4.828950000000001,0,0,2,-6.0606365
Đồng bằng sông Cửu Long,Trà Vinh,2026,2358.3,1053.8068502499998,446.85021000296814,26.73,2117.2144049999993,0.0,2231.747424,211014.53269199998,97.73623749999999,4.60845,0,0,1,-4.4141636
Đồng bằng sông Cửu Long,Vĩnh Long,2026,1525.7,1066.6537559999997,699.1241764435994,26.830000000000002,2018.9389724999996,0.0,2132.961856,203915.220408,87.14359499999999,4.509225000000001,0,0,2,-2.5219631
Đồng bằng sông Cửu Long,Đồng Tháp,2026,3383.8,1649.3490159999997,487.42508895324767,27.130000000000003,1992.3753149999995,0.0,2094.657248,205728.45163199998,81.46506499999998,5.854275,0,0,1,-5.0547543
Đồng bằng sông Cửu Long,An Giang,2026,3536.7,1968.7599749999995,556.665811349563,27.130000000000003,1913.6943674999998,0.0,2176.306544,202127.089284,69.78039749999999,4.652550000000001,0,0,2,-7.288284
Đồng bằng sông Cửu Long,Kiên Giang,2026,6348.8,1817.1417617499997,286.2181454369329,27.03,2118.1234274999993,0.0,2557.336592,201554.807004,86.706785,5.677875000000001,0,2,2,-3.9833083
Đồng bằng sông Cửu Long,Cần Thơ,2026,1439.0,1306.8507147499997,908.1658893328699,26.830000000000002,1997.5264424999996,0.0,2169.2504320000003,202118.053248,112.47857499999998,6.6701250000000005,1,1,1,2.991182
Đồng bằng sông Cửu Long,Hậu Giang,2026,1621.7,750.9516069999997,463.0644428685945,26.73,2151.151245,0.0,2292.228384,203554.78297200002,97.40862999999999,5.04945,0,0,1,-4.657544
Đồng bằng sông Cửu Long,Sóc Trăng,2026,3311.9,1240.0921347499998,374.4352591412783,26.630000000000003,2084.085585,0.0,2365.813552,208817.77194,71.855245,4.707674999999999,0,0,2,-7.17829
Đồng bằng sông Cửu Long,Bạc Liêu,2026,2669.0,957.5323239999998,358.76070588235285,26.830000000000002,2205.995602499999,0.0,2665.194304,207909.14832,76.76935749999998,5.699925000000001,0,0,0,-5.6218977
Đồng bằng sông Cửu Long,Cà Mau,2026,5221.2,1247.4376389999998,238.91780414464102,26.830000000000002,2519.1033524999993,0.0,2656.12216,204115.017204,78.2981925,4.906125,0,1,2,-7.701317
Đồng bằng sông Hồng,Hà Nội,2027,3358.6,9082.354550683747,2704.2084650401202,23.845000000000002,1819.2176390249995,0.0,2121.252742144,146693.652970536,186.46654482499994,8.74006875,1,1,0,6.805776
Đồng bằng sông Hồng,Vĩnh Phúc,2027,1235.2,1277.6098385749997,1034.3343900380503,23.745,1761.9674019749993,0.0,2176.915385664,147168.490638312,161.2467734625,6.76053,0,0,0,1.8579065
Đồng bằng sông Hồng,Bắc Ninh,2027,822.7,1614.0359421637497,1961.8766769949552,23.845000000000002,1874.4377258249992,0.0,2162.746712768,148835.452535568,183.95597934999995,6.6563437500000004,0,0,0,27.306576
Đồng bằng sông Hồng,Quảng Ninh,2027,6177.8,1457.3619512374996,235.90306439792477,23.445,2145.665799225,0.0,2737.59001312,170845.98925860002,281.7539162624999,6.8299875000000005,0,1,1,3.1546364
Đồng bằng sông Hồng,Hải Dương,2027,1668.2,2061.3771509887492,1235.6894562934594,23.745,1836.4739161499995,0.0,2179.951529856,152868.55467564,118.79539361249995,6.806835,0,0,0,0.6843569
Đồng bằng sông Hồng,Hải Phòng,2027,1561.8,2218.762203209999,1420.644258682289,23.745,1790.5925204999994,0.0,2045.3491373440002,163821.007406736,233.02612272499994,8.13810375,1,1,4,5.8286147
Đồng bằng sông Hồng,Hưng Yên,2027,930.3,1373.8122490749995,1476.7411040255827,23.845000000000002,1800.7432717499994,0.0,2085.831059904,148660.406446176,139.56461708749995,6.79525875,0,0,0,3.5989811
Đồng bằng sông Hồng,Thái Bình,2027,1586.4,1974.4289941074994,1244.5971974959023,24.045,1756.0799662499994,0.0,1990.698541888,159845.24795112,78.51222939999997,6.598462500000001,0,0,2,0.46036386
Đồng bằng sông Hồng,Hà Nam,2027,862.0,933.5398260649996,1082.9928376624125,23.845000000000002,1857.2829562124994,0.0,2082.794915712,151730.755094592,121.07772586249997,6.4827,0,0,0,-0.6125919
Đồng bằng sông Hồng,Nam Định,2027,1668.5,1978.8731272012494,1186.0192551400955,24.045,1761.4598644124994,0.0,2008.91540704,159385.500463464,64.93235251249999,6.86471625,0,0,2,0.43550134
Đồng bằng sông Hồng,Ninh Bình,2027,1386.8,1073.9430614762498,774.4037074388879,23.945,1811.7060830999994,0.0,1997.782878336,156924.795091896,107.38373236249997,6.8299875000000005,0,0,0,1.8478352
Trung du và miền núi phía Bắc,Hà Giang,2027,7929.5,949.7478408774998,119.77398838230656,22.945,2717.559124649999,0.0,3627.1802613760005,152746.827222672,44.163129037499985,2.8361812500000005,0,0,0,-3.8750844
Trung du và miền núi phía Bắc,Cao Bằng,2027,6700.3,581.1984976087497,86.74216044188314,21.545,1847.6397425249995,0.0,2583.758707392,149279.10383109603,51.124242399999986,3.009825000000001,0,0,0,-3.792848
Trung du và miền núi phía Bắc,Bắc Kạn,2027,4860.0,343.60991402499997,70.70162840020575,22.145000000000003,2156.5271030624995,0.0,2880.288790144,144253.067839128,64.13353622499999,3.1834687500000003,0,0,0,-3.481407
Trung du và miền núi phía Bắc,Tuyên Quang,2027,5867.9,857.5085514187497,146.13550868602903,23.645000000000003,2068.114059674999,0.0,2321.638258816,145276.18205126398,68.12761766249999,4.271636250000001,0,0,0,-3.5410244
Trung du và miền núi phía Bắc,Lào Cai,2027,6364.0,823.0220786112499,129.324650944571,22.945,2452.116979462499,0.0,3686.891097152,172965.656559456,109.89429783749996,4.10956875,0,0,0,-2.7521152
Trung du và miền núi phía Bắc,Yên Bái,2027,6887.7,902.7759682724997,131.07074470033533,23.245,2368.5762966749994,0.0,2644.4815912320005,148116.153949848,63.106486712499986,4.051687500000001,0,0,0,-3.7025247
Trung du và miền núi phía Bắc,Thái Nguyên,2027,3526.6,1423.6597372112496,403.6918667303492,23.145000000000003,2153.989415249999,0.0,2516.963535168,141729.989723064,142.75988223749997,6.170141250000001,0,0,0,-0.045677155
Trung du và miền núi phía Bắc,Lạng Sơn,2027,8310.1,851.1612836824997,102.42491470409499,21.645000000000003,1619.1463318874994,0.0,2269.0117594880003,156001.27606855202,69.95348346249999,3.7044000000000006,0,0,0,-3.662877
Trung du và miền núi phía Bắc,Bắc Giang,2027,3895.5,2039.7106950587493,523.6069041352199,23.545,1927.2216323249993,0.0,2239.662365632,150448.089784392,116.96952781249998,5.927040000000002,0,0,0,-1.0866663
Trung du và miền núi phía Bắc,Phú Thọ,2027,3534.6,1610.9825613087492,455.77506968504196,23.345000000000002,1933.0075605374993,0.0,2269.0117594880003,147325.42851156002,79.65339552499998,5.46399,0,0,0,-2.7037807
Trung du và miền núi phía Bắc,Điện Biên,2027,9541.3,683.2671637924998,71.61153760939284,22.145000000000003,2266.256724074999,0.0,3030.0719036160003,179627.468076432,53.86304109999999,2.7551475000000005,0,1,0,-3.3634133
Trung du và miền núi phía Bắc,Lai Châu,2027,9068.8,517.2238946262498,57.03333347590088,19.745,2222.100956137499,0.0,3155.5658635520003,180902.085290568,64.70411928749999,2.8940625000000004,0,0,0,-3.0080059
Trung du và miền núi phía Bắc,Sơn La,2027,14123.5,1388.0648453262497,98.28051441400855,21.545,1473.2800364249995,0.0,1881.397350976,186691.68439660798,63.220603324999985,3.009825000000001,0,0,0,-3.2791207
Trung du và miền núi phía Bắc,Hòa Bình,2027,4590.6,933.1320114987498,203.2701632681457,24.145000000000003,1842.5643668999994,0.0,2090.891300224,148344.518675664,88.09802484999999,4.1674500000000005,0,0,0,-2.9727933
Bắc Trung Bộ,Thanh Hóa,2027,11114.7,3932.4303809437492,353.8044554458284,24.245,1741.1583619124995,0.0,1861.1563896960001,164460.83104382403,91.74975644999998,5.869158750000001,0,1,1,-1.4906466
Bắc Trung Bộ,Nghệ An,2027,16481.6,3629.539182841249,220.2176477308786,24.845000000000002,1774.8588560624996,0.0,1949.204571264,165485.957279976,69.49701701249998,5.116702500000001,0,1,1,-3.8084612
Bắc Trung Bộ,Hà Tĩnh,2027,5990.7,1390.0934613737493,232.0419085204983,24.745,2399.739103012499,0.0,2581.7346112640003,170264.514317976,96.77088739999998,4.8041437500000015,0,0,1,-3.154696
Bắc Trung Bộ,Quảng Bình,2027,8000.0,966.3845838237497,120.79807297796872,25.245,2449.985321699999,0.0,3047.276720704,177573.191556096,73.83344828749998,4.838872500000001,0,1,1,-3.7562017
Bắc Trung Bộ,Quảng Trị,2027,4621.7,688.7046913424998,149.0154469875803,25.545,2460.745118024999,0.0,2833.7345791999996,182454.361818912,92.32033951249998,4.5147375,0,0,1,-3.153428
Bắc Trung Bộ,Huế,2027,4902.4,1231.4117679674996,251.18549444506766,25.645000000000003,2954.7821813624996,0.0,2963.276731392,184308.441949656,77.37106327499998,5.93861625,1,1,1,-0.973866
Duyên hải Nam Trung Bộ,Đà Nẵng,2027,1284.9,1327.0390553612494,1032.7955913777332,25.945,2343.402433574999,0.0,2969.3490197759997,196602.914699424,133.74466984999998,7.7560875000000005,1,1,1,12.469964
Duyên hải Nam Trung Bộ,Quảng Nam,2027,10574.7,1609.7904879612495,152.23036946308164,25.845000000000002,2595.242572087499,0.0,2952.1442026880004,183951.307686816,94.60267176249998,4.7462625,0,1,2,-1.9995687
Duyên hải Nam Trung Bộ,Quảng Ngãi,2027,5155.8,1314.3654334562498,254.92948397072223,26.145000000000003,2648.940046199999,0.0,3019.9514229760002,202753.672116336,126.66943987499997,4.919906250000001,0,0,1,-2.915041
Duyên hải Nam Trung Bộ,Bình Định,2027,6066.2,1584.6419230424997,261.2248068053311,26.045,2178.452725762499,0.0,2984.529740736,209819.900460528,97.34147046249998,5.498718750000001,0,1,1,-1.6305289
Duyên hải Nam Trung Bộ,Phú Yên,2027,5023.4,923.6477086374996,183.86903464535965,26.045,1782.4719194999993,0.0,2793.2526566399997,209256.53373604798,81.02279487499999,4.584195000000001,0,1,2,-3.5479655
Duyên hải Nam Trung Bộ,Khánh Hòa,2027,5137.8,1325.3345996099997,257.9576082389349,26.445,1650.5121532499995,0.0,2221.44550048,214659.82423101598,110.12253106249997,5.209312500000001,0,1,1,-2.6330664
Duyên hải Nam Trung Bộ,Ninh Thuận,2027,3355.3,637.6755866424999,190.05024487899738,26.545,1421.8157275874996,0.0,1722.5058049279999,219486.66984540003,109.78018122499998,4.016958750000001,0,0,2,-2.4398031
Duyên hải Nam Trung Bộ,Bình Thuận,2027,7943.9,1324.0797855599994,166.6788083384735,26.445,1125.3122835749996,0.0,1729.590141376,222234.08863924802,112.40486331249997,5.660786250000001,0,0,1,-2.225911
Tây Nguyên,Kon Tum,2027,9674.2,625.5248039249999,64.6590729905315,23.545,2029.9472349749994,0.0,2474.4575164800003,209092.55377874398,73.49109845,4.028535,0,0,0,-2.3166313
Tây Nguyên,Gia Lai,2027,15511.0,1704.7799115462494,109.90780165987037,22.745,2127.495954487499,0.0,2630.312918336,209986.898453856,75.20284763749999,3.5886375000000004,0,1,0,-2.6166198
Tây Nguyên,Đắk Lắk,2027,13030.5,2033.6562172674994,156.06893191109316,23.545,1451.7604437749997,0.0,1965.3973402880001,203556.46969872,77.82752972499999,4.306365000000001,0,1,0,-1.7234473
Tây Nguyên,Đắk Nông,2027,6509.3,724.5505460374998,111.310055772126,21.845000000000002,2137.139168174999,0.0,2555.4213616,199248.726280464,84.56040986249997,4.2832125,0,0,0,0.07489613
Tây Nguyên,Lâm Đồng,2027,9783.3,1423.3042065637496,145.48303809182482,19.045,2033.7030129374991,0.0,2382.361142656,211119.66797486402,107.15549913749999,6.14698875,0,1,0,-0.58515465
Đông Nam Bộ,Bình Phước,2027,6876.8,1108.8896327687498,161.25081909736355,26.245,2482.061695649999,0.0,2683.951465728,207422.573845464,118.33892716249999,5.880735000000001,0,0,0,-0.79418814
Đông Nam Bộ,Tây Ninh,2027,4041.3,1256.6335303724995,310.9478460823249,27.545,1964.4748894124994,0.0,2129.3491266560004,211591.48760661602,115.14366201249999,6.1354125,0,0,0,2.3225834
Đông Nam Bộ,Bình Dương,2027,2694.4,2989.4062520174994,1109.488662417421,26.845000000000002,2151.9592649999995,0.0,2340.8671720320003,207391.387473216,209.63221716249993,10.349167500000002,0,0,2,40.04649
Đông Nam Bộ,Đồng Nai,2027,5863.6,3494.364339304999,595.9418001406983,26.545,2159.4708209249993,0.0,2583.758707392,209597.57180676,168.20788682499995,8.27701875,0,0,1,8.340077
Đông Nam Bộ,Bà Rịa - Vũng Tàu,2027,1981.0,1247.3479064024993,629.6556821819785,27.145000000000003,1698.2206841249995,0.0,2421.831017152,220094.30109823198,428.39376332499984,6.598462500000001,0,1,4,11.315729
Đông Nam Bộ,TP Hồ Chí Minh,2027,2061.4,9956.834462128749,4830.132173342752,27.245,2020.7100513374994,0.0,2284.192480448,208984.91049388802,211.57219957499998,8.230713750000001,1,1,1,16.098022
Đồng bằng sông Cửu Long,Long An,2027,4494.9,1833.1160185099995,407.82131271218486,26.845000000000002,2068.5200897249993,0.0,2228.5298369280003,211792.69000821598,119.82244312499998,5.325075000000001,0,0,2,-1.5579845
Đồng bằng sông Cửu Long,Tiền Giang,2027,2510.6,1877.2541027187494,747.7312605427984,26.745,2028.9321598499992,0.0,2179.951529856,208528.181042256,85.24510953749999,5.811277500000001,0,0,2,-1.4762459
Đồng bằng sông Cửu Long,Bến Tre,2027,2394.8,1364.9030693199995,569.9444919492231,26.745,2112.472842637499,0.0,2224.4816446719997,212405.35132108798,64.4758860625,5.070397500000001,0,0,2,-5.797233
Đồng bằng sông Cửu Long,Trà Vinh,2027,2358.3,1069.6139530037497,453.5529631530126,26.745,2127.800477024999,0.0,2240.674413696,211436.56175738398,102.13436818749997,4.838872500000001,0,0,1,-4.282103
Đồng bằng sông Cửu Long,Vĩnh Long,2027,1525.7,1082.6535623399996,709.6110390902533,26.845000000000002,2029.0336673624995,0.0,2141.4937034239997,204323.050848816,91.06505677499999,4.734686250000001,0,0,2,-2.272364
Đồng bằng sông Cửu Long,Đồng Tháp,2027,3383.8,1674.0892512399996,494.7364652875464,27.145000000000003,2002.3371915749992,0.0,2103.035876992,206139.908535264,85.13099292499997,6.14698875,0,0,1,-4.683403
Đồng bằng sông Cửu Long,An Giang,2027,3536.7,1998.2913746249992,565.0157985198064,27.145000000000003,1923.2628393374996,0.0,2185.011770176,202531.34346256798,72.92051538749999,4.885177500000001,0,0,2,-7.011482
Đồng bằng sông Cửu Long,Kiên Giang,2027,6348.8,1844.3988881762496,290.51141761848686,27.045,2128.7140446374992,0.0,2567.565938368,201957.916618008,90.608590325,5.961768750000002,0,2,2,-3.06726
Đồng bằng sông Cửu Long,Cần Thơ,2027,1439.0,1326.4534754712497,921.7883776728629,26.845000000000002,2007.5140747124995,0.0,2177.9274337280003,202522.28935449602,117.54011087499997,7.003631250000001,1,1,1,4.3764744
Đồng bằng sông Cửu Long,Hậu Giang,2027,1621.7,762.2158811049997,470.0104095116234,26.745,2161.907001225,0.0,2301.397297536,203961.89253794402,101.79201834999998,5.301922500000001,0,0,1,-3.777882
Đồng bằng sông Cửu Long,Sóc Trăng,2027,3311.9,1258.6935167712497,380.0517880283975,26.645000000000003,2094.5060129249996,0.0,2375.276806208,209235.40748388,75.08873102499999,4.94305875,0,0,2,-6.4513783
Đồng bằng sông Cửu Long,Bạc Liêu,2027,2669.0,971.8953088599997,364.1421164705881,26.845000000000002,2217.025580512499,0.0,2675.855081216,208324.96661664,80.22397858749997,5.984921250000002,0,0,0,-5.0647492
Đồng bằng sông Cửu Long,Cà Mau,2027,5221.2,1266.1492035849997,242.50157120681067,26.845000000000002,2531.698869262499,0.0,2666.74664864,204523.24723840802,81.82161116249999,5.151431250000001,0,1,2,-7.230775
Đồng bằng sông Hồng,Hà Nội,2028,3358.6,9218.589868944002,2744.7715920157216,23.860000000000003,1828.3137272201243,0.0,2129.737753112576,146987.04027647708,194.85753934212494,9.1770721875,1,1,0,8.008666
Đồng bằng sông Hồng,Vĩnh Phúc,2028,1235.2,1296.7739861536245,1049.8494058886208,23.76,1770.7772389848742,0.0,2185.623047206656,147462.82761958864,168.5028782683125,7.098556500000001,0,0,0,3.9281926
Đồng bằng sông Hồng,Bắc Ninh,2028,822.7,1638.2464812962057,1991.3048271498792,23.860000000000003,1883.809914454124,0.0,2171.3976996190722,149133.12344063914,192.23399842074994,6.9891609375,0,0,0,27.823391
Đồng bằng sông Hồng,Quảng Ninh,2028,6177.8,1479.2223805060619,239.4416103638936,23.46,2156.3941282211244,0.0,2748.54037317248,171187.6812371172,294.43284249431235,7.171486875000001,0,1,1,3.6323593
Đồng bằng sông Hồng,Hải Dương,2028,1668.2,2092.29780825358,1254.2247981378612,23.76,1845.6562857307492,0.0,2188.671335975424,153174.2917849913,124.14118632506244,7.147176750000001,0,0,0,2.6958003
Đồng bằng sông Hồng,Hải Phòng,2028,1561.8,2252.0436362581486,1441.953922562523,23.76,1799.5454831024992,0.0,2053.5305338933763,164148.64942154946,243.51229824762493,8.5450089375,1,1,4,7.196221
Đồng bằng sông Hồng,Hưng Yên,2028,930.3,1394.4194328111244,1498.8922205859662,23.860000000000003,1809.7469881087493,0.0,2094.174384143616,148957.72725906834,145.84502485643745,7.135021687500001,0,0,0,7.101433
Đồng bằng sông Hồng,Thái Bình,2028,1586.4,2004.0454290191117,1263.2661554583406,24.060000000000002,1764.8603660812491,0.0,1998.6613360555518,160164.93844702223,82.04527972299996,6.9283856250000015,0,0,2,3.0807188
Đồng bằng sông Hồng,Hà Nam,2028,862.0,947.5429234559745,1099.2377302273485,23.860000000000003,1866.5693709935617,0.0,2091.1260953748483,152034.2166047812,126.52622352631246,6.806835,0,0,0,0.75679517
Đồng bằng sông Hồng,Nam Định,2028,1668.5,2008.556224109268,1203.809543967197,24.060000000000002,1770.2671637345618,0.0,2016.95106866816,159704.27146439094,67.85430837556248,7.2079520625,0,0,2,0.3196647
Đồng bằng sông Hồng,Ninh Bình,2028,1386.8,1090.0522073983934,786.0197630504712,23.96,1820.7646135154991,0.0,2005.774009849344,157238.6446820798,112.21600031881246,7.171486875000001,0,0,0,2.1709838
Trung du và miền núi phía Bắc,Hà Giang,2028,7929.5,963.9940584906623,121.57059820804115,22.96,2731.1469202732487,0.0,3641.6889824215045,153052.32087711734,46.150469844187484,2.9779903125000007,0,0,0,-3.8750844
Trung du và miền núi phía Bắc,Cao Bằng,2028,6700.3,589.9164750728809,88.04329284851138,21.560000000000002,1856.8779412376243,0.0,2594.093742221568,149577.66203875822,53.42483330799998,3.1603162500000015,0,0,0,-3.8420887
Trung du và miền núi phía Bắc,Bắc Kạn,2028,4860.0,348.7640627353749,71.76215282620883,22.160000000000004,2167.309738577812,0.0,2891.809945304576,144541.57397480626,67.01954535512498,3.3426421875000005,0,0,0,-3.2649724
Trung du và miền núi phía Bắc,Tuyên Quang,2028,5867.9,870.3711796900309,148.32754131631944,23.660000000000004,2078.454629973374,0.0,2330.924811851264,145566.73441536652,71.19336045731248,4.485218062500001,0,0,0,-3.4487357
Trung du và miền núi phía Bắc,Lào Cai,2028,6364.0,835.3674097904185,131.26452070873955,22.96,2464.377564359811,0.0,3701.638661540608,173311.58787257492,114.83954124018746,4.3150471875,0,0,0,-2.7521152
Trung du và miền núi phía Bắc,Yên Bái,2028,6887.7,916.317607796587,133.03680587084034,23.26,2380.419178158374,0.0,2655.0595175969283,148412.38625774768,65.94627861456249,4.254271875000001,0,0,0,-3.5643911
Trung du và miền núi phía Bắc,Thái Nguyên,2028,3526.6,1445.0146332694183,409.7472447313045,23.160000000000004,2164.759362326249,0.0,2527.031389308672,142013.44970251014,149.18407693818745,6.478648312500002,0,0,0,2.2462022
Trung du và miền núi phía Bắc,Lạng Sơn,2028,8310.1,863.9287029377372,103.9612884246564,21.660000000000004,1627.2420635469368,0.0,2278.087806525952,156313.27862068912,73.10139021831249,3.8896200000000007,0,0,0,-3.513986
Trung du và miền núi phía Bắc,Bắc Giang,2028,3895.5,2070.3063554846303,531.4610076972482,23.560000000000002,1936.8577404866242,0.0,2248.621015094528,150748.9859639608,122.23315656406247,6.223392000000002,0,0,0,-0.756001
Trung du và miền núi phía Bắc,Phú Thọ,2028,3534.6,1635.1472997283802,462.61169573031754,23.360000000000003,1942.6725983401866,0.0,2278.087806525952,147620.07936858313,83.23779832362497,5.7371895,0,0,0,-2.6752694
Trung du và miền núi phía Bắc,Điện Biên,2028,9541.3,693.5161712493872,72.68571067353372,22.160000000000004,2277.588007695374,0.0,3042.1921912304642,179986.72301258487,56.28687794949999,2.8929048750000006,0,1,0,-3.3634133
Trung du và miền núi phía Bắc,Lai Châu,2028,9068.8,524.9822530456436,57.88883347803939,19.76,2233.2114609181863,0.0,3168.1881270062086,181263.88946114914,67.61580465543749,3.0387656250000004,0,0,0,-3.0080059
Trung du và miền núi phía Bắc,Sơn La,2028,14123.5,1408.8858180061434,99.75472213021867,21.560000000000002,1480.6464366071243,0.0,1888.922940379904,187065.06776540118,66.06553047462498,3.1603162500000015,0,0,0,-3.2504225
Trung du và miền núi phía Bắc,Hòa Bình,2028,4590.6,947.1289916712309,206.31921571716788,24.160000000000004,1851.7771887344993,0.0,2099.2548654248963,148641.20771301532,92.06243596824999,4.375822500000001,0,0,0,-2.7408285
Bắc Trung Bộ,Thanh Hóa,2028,11114.7,3991.416836657905,359.1115222775158,24.26,1749.8641537220617,0.0,1868.6010152547842,164789.75270591167,95.87849549024997,6.162616687500002,0,1,1,-1.0278206
Bắc Trung Bộ,Nghệ An,2028,16481.6,3683.9822705838674,223.5209124468418,24.860000000000003,1783.733150342812,0.0,1957.0013895490558,165816.92919453594,72.62438277806247,5.3725376250000005,0,1,1,-3.158504
Bắc Trung Bộ,Hà Tĩnh,2028,5990.7,1410.9448632943554,235.52253714830576,24.76,2411.737798527561,0.0,2592.061549709056,170605.04334661196,101.12557733299997,5.044350937500002,0,0,1,-2.9147797
Bắc Trung Bộ,Quảng Bình,2028,8000.0,980.8803525811059,122.61004407263823,25.26,2462.2352483084987,0.0,3059.465827586816,177928.33793920817,77.15595346043747,5.080816125000001,0,1,1,-3.4137416
Bắc Trung Bộ,Quảng Trị,2028,4621.7,699.0352617126373,151.250678692394,25.560000000000002,2473.048843615124,0.0,2845.0695175168,182819.2705425498,96.47475479056247,4.740474375,0,0,1,-3.1319911
Bắc Trung Bộ,Huế,2028,4902.4,1249.882944487012,254.95327686174366,25.660000000000004,2969.5560922693116,0.0,2975.129838317568,184677.05883355532,80.85276112237497,6.2355470625,1,1,1,-0.17902601
Duyên hải Nam Trung Bộ,Đà Nẵng,2028,1284.9,1346.944641191668,1048.287525248399,25.96,2355.1194457428737,0.0,2981.226415855104,196996.12052882285,139.76317999324996,8.143891875000001,1,1,1,12.97378
Duyên hải Nam Trung Bộ,Quảng Nam,2028,10574.7,1633.937345280668,154.51382500502783,25.860000000000003,2608.218784947936,0.0,2963.9527794987525,184319.21030218963,98.85979199181247,4.983575625,0,1,2,-1.9424248
Duyên hải Nam Trung Bộ,Quảng Ngãi,2028,5155.8,1334.0809149580934,258.7534262302831,26.160000000000004,2662.1847464309985,0.0,3032.031228667904,203159.17946056867,132.36956466937497,5.165901562500001,0,0,1,-2.747036
Duyên hải Nam Trung Bộ,Bình Định,2028,6066.2,1608.411551888137,265.143178907411,26.060000000000002,2189.344989391311,0.0,2996.467859698944,210239.54026144906,101.72183663331248,5.773654687500001,0,1,1,-1.6451523
Duyên hải Nam Trung Bộ,Phú Yên,2028,5023.4,937.502424267062,186.62707016504,26.060000000000002,1791.384279097499,0.0,2804.4256672665597,209675.04680352006,84.66882064437497,4.813404750000001,0,1,2,-3.4154925
Duyên hải Nam Trung Bộ,Khánh Hòa,2028,5137.8,1345.2146186041496,261.8269723625189,26.46,1658.7647140162494,0.0,2230.3312824819204,215089.143879478,115.07804496031247,5.469778125000001,0,1,1,-2.187316
Duyên hải Nam Trung Bộ,Ninh Thuận,2028,3355.3,647.2407204421373,192.9009985521823,26.560000000000002,1428.924806225437,0.0,1729.3958281477119,219925.64318509083,114.72028938012497,4.2178066875,0,0,2,-2.4398031
Duyên hải Nam Trung Bộ,Bình Thuận,2028,7943.9,1343.9409823433994,169.17899046355058,26.46,1130.9388449928745,0.0,1736.508501941504,222678.5568165265,117.46308216156245,5.943825562500002,0,0,1,-2.353737
Tây Nguyên,Kon Tum,2028,9674.2,634.9076759838748,65.62895908538947,23.560000000000002,2040.0969711498742,0.0,2484.3553465459204,209510.73888630146,76.79819788024999,4.22996175,0,0,0,-2.3375418
Tây Nguyên,Gia Lai,2028,15511.0,1730.351610219443,111.55641868476842,22.76,2138.1334342599366,0.0,2640.8341700093442,210406.87225076373,78.58697578118748,3.7680693750000005,0,1,0,-2.5683103
Tây Nguyên,Đắk Lắk,2028,13030.5,2064.161060526512,158.40996588975955,23.560000000000002,1459.0192459938744,0.0,1973.2589296491522,203963.58263811743,81.32976856262499,4.5216832500000015,0,1,0,-0.5550365
Tây Nguyên,Đắk Nông,2028,6509.3,735.4188042280622,112.97970660870787,21.860000000000003,2147.824864015874,0.0,2565.6430470464,199647.22373302493,88.36562830631246,4.497373125,0,0,0,0.13278633
Tây Nguyên,Lâm Đồng,2028,9783.3,1444.6537696622058,147.6652836632022,19.060000000000002,2043.8715280021863,0.0,2391.890587226624,211541.90731081375,111.97749659868748,6.4543381875,0,1,0,-0.5599807
Đông Nam Bộ,Bình Phước,2028,6876.8,1125.5229772602809,163.66958138382398,26.26,2494.4720041282485,0.0,2694.687271590912,207837.41899315495,123.66417888481247,6.1747717500000014,0,0,0,-0.544378
Đông Nam Bộ,Tây Ninh,2028,4041.3,1275.483033328087,315.6120637735597,27.560000000000002,1974.2972638595616,0.0,2137.8665231626246,212014.67058182924,120.32512680306247,6.442183125000001,0,0,0,2.3225834
Đông Nam Bộ,Bình Dương,2028,2694.4,3034.2473457977617,1126.1309923536824,26.860000000000003,2162.719061324999,0.0,2350.230640720128,207806.1702481624,219.0656669348124,10.866625875000002,0,0,2,40.04649
Đông Nam Bộ,Đồng Nai,2028,5863.6,3546.7798043945736,604.8809271428087,26.560000000000002,2170.268175029624,0.0,2594.093742221568,210016.76695037354,175.77724173212493,8.690869687500001,0,0,1,10.384478
Đông Nam Bộ,Bà Rịa - Vũng Tàu,2028,1981.0,1266.0581249985366,639.1005174147081,27.160000000000004,1706.7117875456242,0.0,2431.5183412206084,220534.48970042844,447.6714826746248,6.9283856250000015,0,1,4,13.696558
Đông Nam Bộ,TP Hồ Chí Minh,2028,2061.4,10106.18697906068,4902.584155942893,27.26,2030.8136015941866,0.0,2293.329250369792,209402.8803148758,221.09294855587498,8.642249437500002,1,1,1,16.098022
Đồng bằng sông Cửu Long,Long An,2028,4494.9,1860.6127587876495,413.9386324028676,26.860000000000003,2078.862690173624,0.0,2237.4439562757125,212216.2753882324,125.21445306562497,5.5913287500000015,0,0,2,-1.4796588
Đồng bằng sông Cửu Long,Tiền Giang,2028,2510.6,1905.4129142595305,758.9472294509402,26.76,2039.076820649249,0.0,2188.671335975424,208945.23740434053,89.08113946668747,6.101841375000001,0,0,2,0.2880364
Đồng bằng sông Cửu Long,Bến Tre,2028,2394.8,1385.3766153597994,578.4936593284614,26.76,2123.0352068506863,0.0,2233.3795712506876,212830.16202373014,67.37730093531249,5.3239173750000015,0,0,2,-5.0388784
Đồng bằng sông Cửu Long,Trà Vinh,2028,2358.3,1085.6581622988058,460.35625760030774,26.76,2138.439479410124,0.0,2249.637111350784,211859.43488089874,106.73041475593746,5.080816125000001,0,0,1,-4.019239
Đồng bằng sông Cửu Long,Vĩnh Long,2028,1525.7,1098.8933657750995,720.2552046766071,26.860000000000003,2039.1788356993118,0.0,2150.0596782376956,204731.69695051364,95.16298432987499,4.971420562500001,0,0,2,-2.2031345
Đồng bằng sông Cửu Long,Đồng Tháp,2028,3383.8,1699.2005900085994,502.15751226685956,27.160000000000004,2012.348877532874,0.0,2111.4480204999677,206552.18835233452,88.96188760662497,6.4543381875,0,0,1,-4.2043486
Đồng bằng sông Cửu Long,An Giang,2028,3536.7,2028.265745244374,573.4910354976034,27.160000000000004,1932.8791535341868,0.0,2193.751817256704,202936.40614949312,76.20193857993749,5.129436375000001,0,0,2,-5.7200565
Đồng bằng sông Cửu Long,Kiên Giang,2028,6348.8,1872.0648714988931,294.8690888827641,27.060000000000002,2139.3576148606867,0.0,2577.836202121472,202361.832451244,94.68597688962498,6.259857187500002,0,2,2,-2.4345994
Đồng bằng sông Cửu Long,Cần Thơ,2028,1439.0,1346.3502776033183,935.6152033379557,26.860000000000003,2017.5516450860616,0.0,2186.639143462912,202927.33393320502,122.82941586437495,7.353812812500001,1,1,1,4.9421306
Đồng bằng sông Cửu Long,Hậu Giang,2028,1621.7,773.6491193215745,477.0605656542977,26.76,2172.716536231125,0.0,2310.6028867261443,204369.8163230199,106.37265917574997,5.567018625000001,0,0,1,-3.7052388
Đồng bằng sông Cửu Long,Sóc Trăng,2028,3311.9,1277.5739195228184,385.75256484882345,26.660000000000004,2104.978542989624,0.0,2384.777913432832,209653.87829884776,78.46772392112499,5.1902116875,0,0,2,-6.374086
Đồng bằng sông Cửu Long,Bạc Liêu,2028,2669.0,986.4737384928995,369.6042482176469,26.860000000000003,2228.1107084150613,0.0,2686.558501540864,208741.6165498733,83.83405762393747,6.284167312500002,0,0,0,-4.9578047
Đồng bằng sông Cửu Long,Cà Mau,2028,5221.2,1285.1414416387745,246.13909477491276,26.860000000000003,2544.3573636088113,0.0,2677.41363523456,204932.29373288483,85.50358366481248,5.409002812500001,0,1,2,-5.4804206
Đồng bằng sông Hồng,Hà Nội,2029,3358.6,9356.86871697816,2785.943165895957,23.875000000000004,1837.4552958562247,0.0,2138.256704125026,147281.01435703004,203.62612861252055,9.635925796875,1,1,0,8.008666
Đồng bằng sông Hồng,Vĩnh Phúc,2029,1235.2,1316.2255959459287,1065.59714697695,23.775000000000002,1779.6311251797983,0.0,2194.3655393954823,147757.75327482782,176.08550779038654,7.453484325000002,0,0,0,3.8821697
Đồng bằng sông Hồng,Bắc Ninh,2029,822.7,1662.8201785156486,2021.1743995571273,23.875000000000004,1893.2289640263946,0.0,2180.0832904175486,149431.38968752042,200.88452834968368,7.3386189843750005,0,0,0,27.698307
Đồng bằng sông Hồng,Quảng Ninh,2029,6177.8,1501.4107162136527,243.03323451935196,23.475,2167.17609886223,0.0,2759.5345346651698,171530.05659959145,307.6823204065564,7.530061218750001,0,1,1,3.4316716
Đồng bằng sông Hồng,Hải Dương,2029,1668.2,2123.6822753773836,1273.0381701099288,23.775000000000002,1854.8845671594029,0.0,2197.4260213193256,153480.6403685613,129.72753970969023,7.504535587500001,0,0,0,2.7699962
Đồng bằng sông Hồng,Hải Phòng,2029,1561.8,2285.8242908020206,1463.5832314009608,23.775000000000002,1808.5432105180116,0.0,2061.74465602895,164476.94672039256,254.47035166876802,8.972259384375,1,1,4,8.21286
Đồng bằng sông Hồng,Hưng Yên,2029,930.3,1415.335724303291,1521.3756038947554,23.875000000000004,1818.7957230492927,0.0,2102.5510816801902,149255.64271358648,152.40805097497713,7.491772771875001,0,0,0,8.205376
Đồng bằng sông Hồng,Thái Bình,2029,1586.4,2034.106110454398,1282.2151477902155,24.075000000000003,1773.6846679116552,0.0,2006.655981399774,160485.26832391627,85.73731731053496,7.274804906250002,0,0,2,2.9326591
Đồng bằng sông Hồng,Hà Nam,2029,862.0,961.756067307814,1115.7262961807585,23.875000000000004,1875.9022178485293,0.0,2099.490599756348,152338.28503799075,132.2199035849965,7.147176750000001,0,0,0,2.7811887
Đồng bằng sông Hồng,Nam Định,2029,1668.5,2038.6845674709068,1221.8666871267046,24.075000000000003,1779.1184995532344,0.0,2025.0188729428326,160023.68000731972,70.90775225246279,7.568349665625001,0,0,2,0.36548597
Đồng bằng sông Hồng,Ninh Bình,2029,1386.8,1106.4029905093691,797.8100594962282,23.975,1829.8684365830763,0.0,2013.7971058887415,157553.12197144394,117.26572033315901,7.530061218750001,0,0,0,2.1429439
Trung du và miền núi phía Bắc,Hà Giang,2029,7929.5,978.4539693680221,123.39415718116175,22.975,2744.8026548746147,0.0,3656.2557383511908,153358.42551887158,48.22724098717592,3.126889828125001,0,0,0,-3.8611941
Trung du và miền núi phía Bắc,Cao Bằng,2029,6700.3,598.765222198974,89.36394224123904,21.575000000000003,1866.1623309438123,0.0,2604.4701171904544,149876.81736283575,55.82895080685998,3.318332062500002,0,0,0,-3.8420887
Trung du và miền núi phía Bắc,Bắc Kạn,2029,4860.0,353.9955236764055,72.83858511860197,22.175000000000004,2178.1462872707007,0.0,2903.3771850857943,144830.6571227559,70.0354248961056,3.5097742968750008,0,0,0,-3.2024264
Trung du và miền núi phía Bắc,Tuyên Quang,2029,5867.9,883.4267473853813,150.55245443606424,23.675000000000004,2088.8469031232403,0.0,2340.248511098669,145857.86788419724,74.39706167789154,4.709478965625002,0,0,0,-3.3786085
Trung du và miền núi phía Bắc,Lào Cai,2029,6364.0,847.8979209372746,133.23348851937064,22.975,2476.69945218161,0.0,3716.4452161867707,173658.21104832008,120.00732059599588,4.530799546875,0,0,0,-2.7521152
Trung du và miền núi phía Bắc,Yên Bái,2029,6887.7,930.0623719135358,135.03235795890294,23.275000000000002,2392.321274049166,0.0,2665.679755667316,148709.2110302632,68.91386115221779,4.466985468750001,0,0,0,-3.5311036
Trung du và miền núi phía Bắc,Thái Nguyên,2029,3526.6,1466.6898527684593,415.89345340227396,23.175000000000004,2175.58315913788,0.0,2537.1395148659067,142297.47660191517,155.89736040040586,6.802580728125002,0,0,0,3.3693771
Trung du và miền núi phía Bắc,Lạng Sơn,2029,8310.1,876.8876334818032,105.52070775102624,21.675000000000004,1635.3782738646714,0.0,2287.200157752056,156625.9051779305,76.39095277813655,4.084101000000001,0,0,0,-3.4684715
Trung du và miền núi phía Bắc,Bắc Giang,2029,3895.5,2101.3609508168997,539.4329228127068,23.575000000000003,1946.542029189057,0.0,2257.615499154906,151050.4839358887,127.73364860944527,6.534561600000003,0,0,0,0.3671742
Trung du và miền núi phía Bắc,Phú Thọ,2029,3534.6,1659.6745092243057,469.5508711662722,23.375000000000004,1952.3859613318873,0.0,2287.200157752056,147915.3195273203,86.9834992481881,6.024048975,0,0,0,-2.2508903
Trung du và miền núi phía Bắc,Điện Biên,2029,9541.3,703.918913818128,73.77599633363671,22.175000000000004,2288.9759477338507,0.0,3054.360959995386,180346.69645861004,58.819787457227484,3.037550118750001,0,1,0,-2.4475577
Trung du và miền núi phía Bắc,Lai Châu,2029,9068.8,532.8569868413282,58.757165980209976,19.775000000000002,2244.377518222777,0.0,3180.8608795142336,181626.41724007143,70.65851586493217,3.1907039062500004,0,0,0,-3.0080059
Trung du và miền núi phía Bắc,Sơn La,2029,14123.5,1430.0191052762355,101.25104296217194,21.575000000000003,1488.0496687901598,0.0,1896.4786321414238,187439.197900932,69.03847934598309,3.318332062500002,0,0,0,-3.2504225
Trung du và miền núi phía Bắc,Hòa Bình,2029,4590.6,961.3359265462992,209.41400395292536,24.175000000000004,1861.0360746781716,0.0,2107.651884886596,148938.49012844136,96.20524558682123,4.594613625000001,0,0,0,-2.7677474
Bắc Trung Bộ,Thanh Hóa,2029,11114.7,4051.2880892077733,364.49819511167846,24.275000000000002,1758.613474490672,0.0,1876.0754193158034,165119.3322113235,100.19302778731122,6.470747521875002,0,1,1,-0.9480623
Bắc Trung Bộ,Nghệ An,2029,16481.6,3739.242004642625,226.87372613354438,24.875000000000004,1792.6518160945259,0.0,1964.8293951072521,166148.56305292502,75.89248000307528,5.641164506250001,0,1,1,-2.9537532
Bắc Trung Bộ,Hà Tĩnh,2029,5990.7,1432.1090362437706,239.05537520553034,24.775000000000002,2423.7964875201988,0.0,2602.4297959078926,170946.2534333052,105.67622831298496,5.296568484375002,0,0,1,-2.2375023
Bắc Trung Bộ,Quảng Bình,2029,8000.0,995.5935578698223,124.4491947337278,25.275000000000002,2474.546424550041,0.0,3071.703690897163,178284.1946150866,80.62797136615715,5.334856931250001,0,1,1,-2.6884677
Bắc Trung Bộ,Quảng Trị,2029,4621.7,709.5207906383267,153.5194388727799,25.575000000000003,2485.4140878331996,0.0,2856.449795586867,183184.9090836349,100.81611875613777,4.97749809375,0,0,1,-3.102764
Bắc Trung Bộ,Huế,2029,4902.4,1268.6311886543172,258.77757601466976,25.675000000000004,2984.403872730658,0.0,2987.0303576708384,185046.41295122242,84.49113537288184,6.547324415625001,1,1,1,0.69995314
Duyên hải Nam Trung Bộ,Đà Nẵng,2029,1284.9,1367.148810809543,1064.011838127125,25.975,2366.895042971588,0.0,2993.151321518524,197390.1127698805,146.0525230929462,8.551086468750002,1,1,1,13.557698
Duyên hải Nam Trung Bộ,Quảng Nam,2029,10574.7,1658.446405459878,156.83153238010325,25.875000000000004,2621.2598788726755,0.0,2975.8085906167476,184687.848722794,103.30848263144402,5.232754406250001,0,1,2,-1.228342
Duyên hải Nam Trung Bộ,Quảng Ngãi,2029,5155.8,1354.0921286824648,262.6347276237373,26.175000000000004,2675.495670163153,0.0,3044.159353582576,203565.4978194898,138.32619507949684,5.424196640625001,0,0,1,-1.5605167
Duyên hải Nam Trung Bộ,Bình Định,2029,6066.2,1632.5377251664588,269.1203265910222,26.075000000000003,2200.2917143382674,0.0,3008.4537311377394,210660.01934197196,106.29931928181153,6.062337421875002,0,1,1,-0.99253273
Duyên hải Nam Trung Bộ,Phú Yên,2029,5023.4,951.5649606310678,189.4264762175156,26.075000000000003,1800.3412004929864,0.0,2815.6433699356257,210094.3968971271,88.47891757337185,5.054074987500001,0,1,2,-2.63172
Duyên hải Nam Trung Bộ,Khánh Hòa,2029,5137.8,1365.3928378832118,265.75437694795664,26.475,1667.0585375863304,0.0,2239.252607611848,215519.32216723697,120.25655698352652,5.743267031250001,0,1,1,-2.187316
Duyên hải Nam Trung Bộ,Ninh Thuận,2029,3355.3,656.9493312487693,195.79451353046503,26.575000000000003,1436.069430256564,0.0,1736.3134114603026,220365.49447146102,119.88270240223058,4.428697021875001,0,0,2,-2.4559927
Duyên hải Nam Trung Bộ,Bình Thuận,2029,7943.9,1364.10009707855,171.7166753205038,26.475,1136.5935392178387,0.0,1743.45453594927,223123.91393015956,122.74892085883276,6.241016840625002,0,0,1,-1.879056
Tây Nguyên,Kon Tum,2029,9674.2,644.4312911236328,66.61339347167029,23.575000000000003,2050.297456005623,0.0,2494.292767932104,209929.76036407406,80.25411678486122,4.4414598375,0,0,0,-2.383317
Tây Nguyên,Gia Lai,2029,15511.0,1756.3068843727344,113.22976496503993,22.775000000000002,2148.824101431236,0.0,2651.3975066893818,210827.68599526526,82.1233896913409,3.9564728437500007,0,1,0,-2.5901737
Tây Nguyên,Đắk Lắk,2029,13030.5,2095.1234764344094,160.78611537810593,23.575000000000003,1466.3143422238436,0.0,1981.1519653677487,204371.50980339365,84.98960814794312,4.747767412500002,0,1,0,-0.63783854
Tây Nguyên,Đắk Nông,2029,6509.3,746.4500862914831,114.6744022078385,21.875000000000004,2158.563988335953,0.0,2575.9056192345856,200046.518180491,92.34208158009652,4.72224178125,0,0,0,0.21700719
Tây Nguyên,Lâm Đồng,2029,9783.3,1466.3235762071388,149.8802629181502,19.075000000000003,2054.090885642197,0.0,2401.4581495755306,211964.9911254354,117.01648394562841,6.777055096875,0,1,0,0.31570128
Đông Nam Bộ,Bình Phước,2029,6876.8,1142.405821919185,166.12462510458133,26.275000000000002,2506.9443641488897,0.0,2705.466020677276,208253.09383114125,129.22906693462903,6.483510337500002,0,0,0,-0.544378
Đông Nam Bộ,Tây Ninh,2029,4041.3,1294.6152788280083,320.3462447301631,27.575000000000003,1984.1687501788592,0.0,2146.417989255275,212438.6999229929,125.73975750920027,6.764292281250001,0,0,0,3.6174705
Đông Nam Bộ,Bình Dương,2029,2694.4,3079.7610559847276,1143.0229572389874,26.875000000000004,2173.532656631624,0.0,2359.6315632830087,208221.78258865874,228.92362194687897,11.409957168750003,0,0,2,40.04649
Đông Nam Bộ,Đồng Nai,2029,5863.6,3599.981501460492,613.9541410499509,26.575000000000003,2181.119515904772,0.0,2604.4701171904544,210436.80048427428,183.68721761007055,9.125413171875001,0,0,1,11.707868
Đông Nam Bộ,Bà Rịa - Vũng Tàu,2029,1981.0,1285.0489968735146,648.6870251759287,27.175000000000004,1715.2453464833523,0.0,2441.2444145854906,220975.5586798293,467.8166993949829,7.274804906250002,0,1,4,14.005044
Đông Nam Bộ,TP Hồ Chí Minh,2029,2061.4,10257.77978374659,4976.122918282036,27.275000000000002,2040.9676696021572,0.0,2302.502567371271,209821.68607550557,231.04213124088935,9.074361909375003,1,1,1,17.114666
Đồng bằng sông Cửu Long,Long An,2029,4494.9,1888.521950169464,420.1477118889105,26.875000000000004,2089.2570036244915,0.0,2246.393732100815,212640.70793900886,130.84910345357807,5.870895187500002,0,0,2,-1.4796588
Đồng bằng sông Cửu Long,Tiền Giang,2029,2510.6,1933.9941079734233,770.3314378927043,26.775000000000002,2049.272204752495,0.0,2197.4260213193256,209363.12787914922,93.08979074268841,6.406933443750002,0,0,2,1.5770991
Đồng bằng sông Cửu Long,Bến Tre,2029,2394.8,1406.1572645901963,587.1710642183882,26.775000000000002,2133.6503828849395,0.0,2242.3130895356903,213255.8223477776,70.40927947740155,5.590113243750002,0,0,2,-5.0388784
Đồng bằng sông Cửu Long,Trà Vinh,2029,2358.3,1101.9430347332877,467.26160146431226,26.775000000000002,2149.1316768071742,0.0,2258.635659796187,212283.15375066054,111.53328341995464,5.334856931250001,0,0,1,-3.2005808
Đồng bằng sông Cửu Long,Vĩnh Long,2029,1525.7,1115.3767662617258,731.0590327467562,26.875000000000004,2049.374729877808,0.0,2158.659916950646,205141.16034441467,99.44531862471935,5.219991590625002,0,0,2,-0.97294855
Đồng bằng sông Cửu Long,Đồng Tháp,2029,3383.8,1724.6885988587283,509.6898749508624,27.175000000000004,2022.4106219205382,0.0,2119.8938125819677,206965.29272903918,92.96517254892309,6.777055096875,0,0,1,-2.5305336
Đồng bằng sông Cửu Long,An Giang,2029,3536.7,2058.6897314230396,582.0934010300675,27.175000000000004,1942.5435493018576,0.0,2202.5268245257307,203342.27896179212,79.63102581603466,5.3859081937500015,0,0,2,-4.9925733
Đồng bằng sông Cửu Long,Kiên Giang,2029,6348.8,1900.1458445713763,299.29212521600556,27.075000000000003,2150.05440293499,0.0,2588.147546929958,202766.5561161465,98.9468458496581,6.572850046875002,0,2,2,-0.059207886
Đồng bằng sông Cửu Long,Cần Thơ,2029,1439.0,1366.545531767368,949.6494313880249,26.875000000000004,2027.6394033114916,0.0,2195.385700036764,203333.18860107142,128.35673957827183,7.721503453125002,1,1,1,4.9421306
Đồng bằng sông Cửu Long,Hậu Giang,2029,1621.7,785.253856111398,484.216474139112,26.775000000000002,2183.5801189122803,0.0,2319.845298273049,204778.55595566594,111.15942883865871,5.845369556250001,0,0,1,-3.6562881
Đồng bằng sông Cửu Long,Sóc Trăng,2029,3311.9,1296.7375283156605,391.53885332155573,26.675000000000004,2115.503435704572,0.0,2394.3170250865633,210073.18605544546,81.9987714975756,5.449722271875,0,0,2,-5.7067547
Đồng bằng sông Cửu Long,Bạc Liêu,2029,2669.0,1001.270844570293,375.1483119409116,26.875000000000004,2239.251261957136,0.0,2697.3047355470276,209159.09978297303,87.60659021701464,6.598375678125002,0,0,0,-1.9986546
Đồng bằng sông Cửu Long,Cà Mau,2029,5221.2,1304.418563263356,249.83118119653645,26.875000000000004,2557.079150426855,0.0,2688.123289775498,205342.1583203506,89.35124492972903,5.679452953125001,0,1,2,-4.5850616
Đồng bằng sông Hồng,Hà Nội,2030,3358.6,9497.221747732832,2827.732313384396,23.890000000000004,1846.6425723355055,0.0,2146.809730941526,147575.5763857441,212.78930440008395,10.11772208671875,1,1,0,8.182391
Đồng bằng sông Hồng,Vĩnh Phúc,2030,1235.2,1335.9689798851175,1081.5811041816044,23.790000000000003,1788.5292808056972,0.0,2203.143001553064,148053.26878137747,184.0093556409539,7.826158541250002,0,0,0,3.9716396
Đồng bằng sông Hồng,Bắc Ninh,2030,822.7,1687.762481193383,2051.4920155504838,23.890000000000004,1902.6951088465264,0.0,2188.8036235792188,149730.25246689547,209.92433212541943,7.705549933593751,0,0,0,27.698307
Đồng bằng sông Hồng,Quảng Ninh,2030,6177.8,1523.9318769568574,246.67873303714225,23.490000000000002,2178.011979356541,0.0,2770.5726728038303,171873.11671279062,321.52802482485146,7.906564279687501,0,1,1,3.715439
Đồng bằng sông Hồng,Hải Dương,2030,1668.2,2155.537509508044,1292.1337426615778,23.790000000000003,1864.1589899951996,0.0,2206.215725404603,153787.60164929842,135.5652789966263,7.879762366875002,0,0,0,2.8933363
Đồng bằng sông Hồng,Hải Phòng,2030,1561.8,2320.1116551640507,1485.5369798719753,23.790000000000003,1817.5859265706015,0.0,2069.991634653066,164805.90061383334,265.92151749386255,9.42087235359375,1,1,4,9.262473
Đồng bằng sông Hồng,Hưng Yên,2030,930.3,1436.5657601678404,1544.196237953177,23.890000000000004,1827.889701664539,0.0,2110.961286006911,149554.15399901365,159.2664132688511,7.866361410468752,0,0,0,8.286631
Đồng bằng sông Hồng,Thái Bình,2030,1586.4,2064.617702111214,1301.4483750070688,24.090000000000003,1782.5530912512133,0.0,2014.682605325373,160806.2388605641,89.59549658950903,7.638545151562502,0,0,2,5.1130114
Đồng bằng sông Hồng,Hà Nam,2030,862.0,976.182408317431,1132.46219062347,23.890000000000004,1885.2817289377717,0.0,2107.888562155373,152642.96160806672,138.16979924632133,7.504535587500001,0,0,0,2.9285374
Đồng bằng sông Hồng,Nam Định,2030,1668.5,2069.26483598297,1240.194687433605,24.090000000000003,1788.0140920510005,0.0,2033.118948434604,160343.72736733436,74.09860110382361,7.946767148906251,0,0,2,0.9312106
Đồng bằng sông Hồng,Ninh Bình,2030,1386.8,1122.9990353670096,809.7772103886716,23.990000000000002,1839.0177787659916,0.0,2021.8522943122964,157868.22821538683,122.54267774815116,7.906564279687501,0,0,0,2.1429439
Trung du và miền núi phía Bắc,Hà Giang,2030,7929.5,993.1307789085423,125.24506953887916,22.990000000000002,2758.5266681489875,0.0,3670.8807613045956,153665.14236990933,50.397466831598834,3.283234319531251,0,0,0,-3.8611941
Trung du và miền núi phía Bắc,Cao Bằng,2030,6700.3,607.7467005319586,90.70440137485762,21.590000000000003,1875.4931425985312,0.0,2614.887997659216,150176.57099756142,58.34125359316867,3.4842486656250022,0,0,0,-2.931569
Trung du và miền núi phía Bắc,Bắc Kạn,2030,4860.0,359.30545653155156,73.93116389538098,22.190000000000005,2189.037018707054,0.0,2914.9906938261374,145120.3184370014,73.18701901643034,3.685263011718751,0,0,0,-3.0615609
Trung du và miền núi phía Bắc,Tuyên Quang,2030,5867.9,896.6781485961619,152.8107412526052,23.690000000000005,2099.291137638856,0.0,2349.609505143064,146149.58361996565,77.74492945339665,4.944952913906253,0,0,0,-3.4017906
Trung du và miền núi phía Bắc,Lào Cai,2030,6364.0,860.6163897513337,135.23199084716117,22.990000000000002,2489.082949442518,0.0,3731.310997051518,174005.5274704167,125.40765002281569,4.757339524218751,0,0,0,-2.7037594
Trung du và miền núi phía Bắc,Yên Bái,2030,6887.7,944.0133074922387,137.05784332828648,23.290000000000003,2404.2828804194114,0.0,2676.342474689985,149006.62945232372,72.01498490406759,4.690334742187501,0,0,0,-3.3735716
Trung du và miền núi phía Bắc,Thái Nguyên,2030,3526.6,1488.6902005599861,422.131855203308,23.190000000000005,2186.4610749335693,0.0,2547.28807292537,142582.071555119,162.91274161842412,7.1427097645312525,0,0,0,4.390842
Trung du và miền núi phía Bắc,Lạng Sơn,2030,8310.1,890.0409479840301,107.10351836729161,21.690000000000005,1643.5551652339946,0.0,2296.348958383064,156939.15698828636,79.82854565315269,4.288306050000002,0,0,0,-3.3617337
Trung du và miền núi phía Bắc,Bắc Giang,2030,3895.5,2132.881365079153,547.5244166548974,23.590000000000003,1956.274739335002,0.0,2266.6459611515256,151352.5849037605,133.4816627968703,6.861289680000003,0,0,0,1.3574448
Trung du và miền núi phía Bắc,Phú Thọ,2030,3534.6,1684.56962686267,476.5941342337662,23.390000000000004,1962.1478911385466,0.0,2296.348958383064,148211.15016637495,90.89775671435656,6.325251423750001,0,0,0,-1.8511374
Trung du và miền núi phía Bắc,Điện Biên,2030,9541.3,714.4776975253998,74.88263627864126,22.190000000000005,2300.4208274725197,0.0,3066.5784038353677,180707.38985152726,61.466677892802714,3.189427624687501,0,1,0,-3.2830622
Trung du và miền núi phía Bắc,Lai Châu,2030,9068.8,540.849841643948,59.63852346991311,19.790000000000003,2255.5994058138904,0.0,3193.5843230322907,181989.67007455157,73.83814907885412,3.350239101562501,0,0,0,-2.8591146
Trung du và miền núi phía Bắc,Sơn La,2030,14123.5,1451.469391855379,102.76980860660451,21.590000000000003,1495.4899171341103,0.0,1904.0645466699896,187814.07629673387,72.14521091655233,3.4842486656250022,0,0,0,-3.0761392
Trung du và miền núi phía Bắc,Hòa Bình,2030,4590.6,975.7559654444937,212.55521401221924,24.190000000000005,1870.3412550515623,0.0,2116.0824924261424,149236.36710869824,100.53448163822819,4.824344306250001,0,0,0,-2.6617045
Bắc Trung Bộ,Thanh Hóa,2030,11114.7,4112.057410545889,369.9656680383536,24.290000000000003,1767.406541863125,0.0,1883.5797209930665,165449.57087574614,104.70171403774022,6.794284897968753,0,1,1,-0.32258463
Bắc Trung Bộ,Nghệ An,2030,16481.6,3795.330634712264,230.27683202554755,24.890000000000004,1801.6150751749983,0.0,1972.6887126876811,166480.86017903086,79.30764160321365,5.923222731562501,0,1,1,-1.7962728
Bắc Trung Bộ,Hà Tĩnh,2030,5990.7,1453.590671787427,242.64120583361327,24.790000000000003,2435.9154699577994,0.0,2612.8395150915244,171288.1459401718,110.43165858706928,5.5613969085937525,0,0,1,-1.5629295
Bắc Trung Bộ,Quảng Bình,2030,8000.0,1010.5274612378696,126.3159326547337,25.290000000000003,2486.919156672791,0.0,3083.9905056607518,178640.76300431677,84.25623007763421,5.601599777812501,0,1,1,-2.5799022
Bắc Trung Bộ,Quảng Trị,2030,4621.7,720.1636024979016,155.82223045587156,25.590000000000003,2497.841158272365,0.0,2867.8755947692143,183551.27890180217,105.35284410016396,5.2263729984375,0,0,1,-2.4540296
Bắc Trung Bộ,Huế,2030,4902.4,1287.6606564841318,262.6592396548898,25.690000000000005,2999.325892094311,0.0,2998.9784791015218,185416.50577712487,88.29323646466152,6.874690636406251,1,1,1,1.6746289
Duyên hải Nam Trung Bộ,Đà Nẵng,2030,1284.9,1387.656042971686,1079.9720156990318,25.990000000000002,2378.7295181864456,0.0,3005.1239268045983,197784.89299542026,152.62488663212875,8.978640792187502,1,1,1,14.483024
Duyên hải Nam Trung Bộ,Quảng Nam,2030,10574.7,1683.323101541776,159.18400536580478,25.890000000000004,2634.366178267039,0.0,2987.7118249792147,185057.2244202396,107.95736434985899,5.494392126562501,0,1,2,-0.6607114
Duyên hải Nam Trung Bộ,Quảng Ngãi,2030,5155.8,1374.4035106127017,266.57424853809334,26.190000000000005,2688.8731485139688,0.0,3056.3359909969063,203972.6288151288,144.5508738580742,5.695406472656251,0,0,1,-0.63610035
Duyên hải Nam Trung Bộ,Bình Định,2030,6066.2,1657.0257910439555,273.1571314898875,26.090000000000003,2211.2931729099587,0.0,3020.48754606229,211081.3393806559,111.08278864949304,6.365454292968752,0,1,1,-0.85901105
Duyên hải Nam Trung Bộ,Phú Yên,2030,5023.4,965.8384350405338,192.26787336077834,26.090000000000003,1809.3429064954512,0.0,2826.9059434153683,210514.58569092135,92.46046886417358,5.3067787368750015,0,1,2,-1.8309958
Duyên hải Nam Trung Bộ,Khánh Hòa,2030,5137.8,1385.8737304514598,269.74069260217595,26.490000000000002,1675.393830274262,0.0,2248.2096180422955,215950.36081157145,125.66810204778521,6.030430382812502,0,1,1,-1.9361582
Duyên hải Nam Trung Bộ,Ninh Thuận,2030,3355.3,666.8035712175008,198.731431233422,26.590000000000003,1443.2497774078465,0.0,1743.2586651061438,220806.22546040395,125.27742401033095,4.6501318729687515,0,0,2,-2.3847203
Duyên hải Nam Trung Bộ,Bình Thuận,2030,7943.9,1384.5615985347283,174.29242545031136,26.490000000000002,1142.2765069139277,0.0,1750.4283540930671,223570.16175801988,128.27262229748024,6.553067682656252,0,0,1,-0.5042143
Tây Nguyên,Kon Tum,2030,9674.2,654.0977604904873,67.61259437374535,23.590000000000003,2060.548943285651,0.0,2504.2699390038324,210349.6198848022,83.86555204017998,4.663532829375001,0,0,0,-2.3070343
Tây Nguyên,Gia Lai,2030,15511.0,1782.6514876383253,114.92821143951552,22.790000000000003,2159.568221938392,0.0,2662.003096716139,211249.34136725578,85.81894222745125,4.154296485937501,0,1,0,-2.353335
Tây Nguyên,Đắk Lắk,2030,13030.5,2126.5503285809255,163.1979071087775,23.590000000000003,1473.6459139349627,0.0,1989.0765732292198,204780.25282300045,88.81414051460055,4.985155783125002,0,1,0,-1.2844968
Tây Nguyên,Đắk Nông,2030,6509.3,757.6468375858552,116.39451824095606,21.890000000000004,2169.356808277633,0.0,2586.209241711524,200446.61121685198,96.49747525120085,4.9583538703125,0,0,0,0.34182283
Tây Nguyên,Lâm Đồng,2030,9783.3,1488.3184298502458,152.12846686192245,19.090000000000003,2064.3613400704076,0.0,2411.0639821738328,212388.92110768627,122.28222572318168,7.115907851718751,0,1,0,1.2571812
Đông Nam Bộ,Bình Phước,2030,6876.8,1159.5419092479726,168.61649448115003,26.290000000000003,2519.479085969634,0.0,2716.287884759985,208669.60001880353,135.04437494668733,6.807685854375002,0,0,0,0.5787974
Đông Nam Bộ,Tây Ninh,2030,4041.3,1314.0345080104282,325.1514384011155,27.590000000000003,1994.0895939297534,0.0,2155.0036612122963,212863.5773228389,131.39804659711427,7.1025068953125015,0,0,0,5.0390167
Đông Nam Bộ,Bình Dương,2030,2694.4,3125.957471824498,1160.1683015975718,26.890000000000004,2184.400319914782,0.0,2369.0700895361406,208638.22615383606,239.2251849344885,11.980455027187503,0,0,2,40.04649
Đông Nam Bộ,Đồng Nai,2030,5863.6,3653.981223982399,623.1634531657,26.590000000000003,2192.0251134842956,0.0,2614.887997659216,210857.67408524282,191.9531424025237,9.581683830468751,0,0,1,11.944403
Đông Nam Bộ,Bà Rịa - Vũng Tàu,2030,1981.0,1304.3247318266172,658.4173305535675,27.190000000000005,1723.821573215769,0.0,2451.0093922438327,221417.50979718895,488.8684508677571,7.638545151562502,0,1,4,13.596276
Đông Nam Bộ,TP Hồ Chí Minh,2030,2061.4,10411.646480502788,5050.764762056267,27.290000000000003,2051.172507950168,0.0,2311.712577640756,210241.32944765658,241.43902714672936,9.528080004843755,1,1,1,17.114666
Đồng bằng sông Cửu Long,Long An,2030,4494.9,1916.8497794220057,426.4499275672442,26.890000000000004,2099.7032886426136,0.0,2255.3793070292186,213065.98935488687,136.73731310898907,6.164439946875002,0,0,2,-1.0404408
Đồng bằng sông Cửu Long,Tiền Giang,2030,2510.6,1963.0040195930244,781.8864094610948,26.790000000000003,2059.518565776257,0.0,2206.215725404603,209781.8541349075,97.27883132610938,6.727280115937502,0,0,2,4.405132
Đồng bằng sông Cửu Long,Bến Tre,2030,2394.8,1427.249623559049,595.978630181664,26.790000000000003,2144.318634799364,0.0,2251.2823418938333,213682.33399247317,73.57769705388462,5.869618905937503,0,0,2,-3.8228116
Đồng bằng sông Cửu Long,Trà Vinh,2030,2358.3,1118.472180254287,474.2705254862769,26.790000000000003,2159.87733519121,0.0,2267.6702024353717,212707.72005816185,116.55228117385259,5.601599777812501,0,0,1,-3.2005808
Đồng bằng sông Cửu Long,Vĩnh Long,2030,1525.7,1132.1074177556516,742.0249182379573,26.890000000000004,2059.621603527197,0.0,2167.294556618449,205551.4426651035,103.92035796283172,5.480991170156252,0,0,2,-0.8134407
Đồng bằng sông Cửu Long,Đồng Tháp,2030,3383.8,1750.558927841609,517.3352230751252,27.190000000000005,2032.5226750301408,0.0,2128.3733878322955,207379.22331449727,97.14860531362463,7.115907851718751,0,0,1,-1.5121478
Đồng bằng sông Cửu Long,An Giang,2030,3536.7,2089.570077394385,590.8248020455184,27.190000000000005,1952.2562670483667,0.0,2211.3369318238338,203748.9635197157,83.21442197775622,5.655203603437502,0,0,2,-4.7864876
Đồng bằng sông Cửu Long,Kiên Giang,2030,6348.8,1928.6480322399468,303.7815070942456,27.090000000000003,2160.804674949665,0.0,2598.5001371176777,203172.08922837878,103.39945391289271,6.901492549218752,0,2,2,0.9630817
Đồng bằng sông Cửu Long,Cần Thơ,2030,1439.0,1387.0437147438784,963.8941728588453,26.890000000000004,2037.777600328049,0.0,2204.167242836911,203739.85497827356,134.13279285929406,8.107578625781253,1,1,1,5.2662573
Đồng bằng sông Cửu Long,Hậu Giang,2030,1621.7,797.0326639530689,491.47972125119867,26.790000000000003,2194.4980195068415,0.0,2329.1246794661415,205188.11306757727,116.16160313639834,6.137638034062502,0,0,1,-3.4945078
Đồng bằng sông Cửu Long,Sóc Trăng,2030,3311.9,1316.1885912403952,397.41193612137903,26.690000000000005,2126.0809528830946,0.0,2403.8942931869096,210493.33242755636,85.6887162149665,5.72220838546875,0,0,2,-4.842796
Đồng bằng sông Cửu Long,Bạc Liêu,2030,2669.0,1016.2899072388473,380.7755366200252,26.890000000000004,2250.4475182669216,0.0,2708.093954489216,209577.417982539,91.5488867767803,6.9282944620312525,0,0,0,0.5769403
Đồng bằng sông Cửu Long,Cà Mau,2030,5221.2,1323.9848417123062,253.57864891448446,26.890000000000004,2569.864546178989,0.0,2698.8757829346,205752.8426369913,93.37205095156683,5.9634256007812505,0,1,2,-3.8874574
